2026-08-28T13:38:45.767784+00:00,SOL,5,DOWN,0.96,дорого,потолок 0.62,2026-08-28T13:40:00+00:00
2026-08-28T13:38:45.954473+00:00,ETH,5,DOWN,0.84,дорого,потолок 0.62,2026-08-28T13:40:00+00:00
2026-08-28T13:38:46.140239+00:00,BTC,5,DOWN,0.95,дорого,потолок 0.62,2026-08-28T13:40:00+00:00
2026-08-28T13:38:47.886222+00:00,SOL,5,DOWN,0.92,дорого,потолок 0.62,2026-08-28T13:40:00+00:00
2026-08-28T13:38:48.070370+00:00,ETH,5,DOWN,0.74,дорого,потолок 0.62,2026-08-28T13:40:00+00:00
2026-08-28T13:38:48.264191+00:00,BTC,5,DOWN,0.92,дорого,потолок 0.62,2026-08-28T13:40:00+00:00
2026-08-28T13:38:48.541340+00:00,SOL,5,DOWN,0.94,дорого,потолок 0.62,2026-08-28T13:40:00+00:00
2026-08-28T13:38:49.311263+00:00,ETH,5,DOWN,0.77,дорого,потолок 0.62,2026-08-28T13:40:00+00:00
2026-08-28T13:38:50.002831+00:00,SOL,5,DOWN,0.96,дорого,потолок 0.62,2026-08-28T13:40:00+00:00
2026-08-28T13:38:50.025459+00:00,BTC,5,DOWN,0.96,дорого,потолок 0.62,2026-08-28T13:40:00+00:00
2026-08-28T13:38:50.191052+00:00,ETH,5,DOWN,0.86,дорого,потолок 0.62,2026-08-28T13:40:00+00:00
2026-08-28T13:38:50.387071+00:00,BTC,5,DOWN,0.96,дорого,потолок 0.62,2026-08-28T13:40:00+00:00
2026-08-28T13:38:52.121006+00:00,SOL,5,DOWN,0.95,дорого,потолок 0.62,2026-08-28T13:40:00+00:00
2026-08-28T13:38:52.323225+00:00,ETH,5,DOWN,0.82,дорого,потолок 0.62,2026-08-28T13:40:00+00:00
2026-08-28T13:38:52.594202+00:00,BTC,5,DOWN,0.96,дорого,потолок 0.62,2026-08-28T13:40:00+00:00
2026-08-28T13:38:54.327639+00:00,SOL,5,DOWN,0.96,дорого,потолок 0.62,2026-08-28T13:40:00+00:00
2026-08-28T13:38:54.521940+00:00,ETH,5,DOWN,0.9,дорого,потолок 0.62,2026-08-28T13:40:00+00:00
2026-08-28T13:38:54.699692+00:00,BTC,5,DOWN,0.98,дорого,потолок 0.62,2026-08-28T13:40:00+00:00
2026-08-28T13:38:56.646384+00:00,SOL,5,DOWN,0.95,дорого,потолок 0.62,2026-08-28T13:40:00+00:00
2026-08-28T13:38:56.825612+00:00,BTC,5,DOWN,0.98,дорого,потолок 0.62,2026-08-28T13:40:00+00:00
2026-08-28T13:38:57.008104+00:00,ETH,5,DOWN,0.91,дорого,потолок 0.62,2026-08-28T13:40:00+00:00
2026-08-28T13:38:58.739950+00:00,SOL,5,DOWN,0.96,дорого,потолок 0.62,2026-08-28T13:40:00+00:00
2026-08-28T13:38:58.929844+00:00,BTC,5,DOWN,0.99,дорого,потолок 0.62,2026-08-28T13:40:00+00:00
2026-08-28T13:38:59.125168+00:00,ETH,5,DOWN,0.98,дорого,потолок 0.62,2026-08-28T13:40:00+00:00
2026-08-28T13:39:00.922068+00:00,SOL,5,DOWN,0.98,дорого,потолок 0.62,2026-08-28T13:40:00+00:00
2026-08-28T13:39:01.120479+00:00,BTC,5,DOWN,0.99,дорого,потолок 0.62,2026-08-28T13:40:00+00:00
2026-08-28T13:39:01.311151+00:00,ETH,5,DOWN,0.98,дорого,потолок 0.62,2026-08-28T13:40:00+00:00
2026-08-28T13:39:03.048911+00:00,SOL,5,DOWN,0.96,дорого,потолок 0.62,2026-08-28T13:40:00+00:00
2026-08-28T13:39:03.241009+00:00,BTC,5,DOWN,0.99,дорого,потолок 0.62,2026-08-28T13:40:00+00:00
2026-08-28T13:39:03.461403+00:00,ETH,5,DOWN,0.98,дорого,потолок 0.62,2026-08-28T13:40:00+00:00
2026-08-28T13:39:05.203114+00:00,SOL,5,DOWN,0.99,дорого,потолок 0.62,2026-08-28T13:40:00+00:00
2026-08-28T13:39:05.392810+00:00,BTC,5,DOWN,0.99,дорого,потолок 0.62,2026-08-28T13:40:00+00:00
2026-08-28T13:39:05.591788+00:00,ETH,5,DOWN,0.99,дорого,потолок 0.62,2026-08-28T13:40:00+00:00
2026-08-28T13:39:05.774907+00:00,XRP,5,DOWN,0.81,дорого,потолок 0.62,2026-08-28T13:40:00+00:00
2026-08-28T13:39:07.495058+00:00,SOL,5,DOWN,0.99,дорого,потолок 0.62,2026-08-28T13:40:00+00:00
2026-08-28T13:39:07.684492+00:00,BTC,5,DOWN,0.99,дорого,потолок 0.62,2026-08-28T13:40:00+00:00
2026-08-28T13:39:07.871333+00:00,ETH,5,DOWN,0.99,дорого,потолок 0.62,2026-08-28T13:40:00+00:00
2026-08-28T13:39:08.052354+00:00,XRP,5,DOWN,0.67,дорого,потолок 0.62,2026-08-28T13:40:00+00:00
2026-08-28T13:39:09.755353+00:00,SOL,5,DOWN,0.99,дорого,потолок 0.62,2026-08-28T13:40:00+00:00
2026-08-28T13:39:09.951762+00:00,BTC,5,DOWN,0.99,дорого,потолок 0.62,2026-08-28T13:40:00+00:00
2026-08-28T13:39:10.138084+00:00,ETH,5,DOWN,0.99,дорого,потолок 0.62,2026-08-28T13:40:00+00:00
2026-08-28T13:39:10.332465+00:00,XRP,5,DOWN,0.63,дорого,потолок 0.62,2026-08-28T13:40:00+00:00
2026-08-28T13:39:12.017208+00:00,SOL,5,DOWN,0.99,дорого,потолок 0.62,2026-08-28T13:40:00+00:00
2026-08-28T13:39:12.208278+00:00,BTC,5,DOWN,0.99,дорого,потолок 0.62,2026-08-28T13:40:00+00:00
2026-08-28T13:39:12.387526+00:00,ETH,5,DOWN,0.99,дорого,потолок 0.62,2026-08-28T13:40:00+00:00
2026-08-28T13:39:14.273823+00:00,SOL,5,DOWN,0.99,дорого,потолок 0.62,2026-08-28T13:40:00+00:00
2026-08-28T13:39:14.556964+00:00,BTC,5,DOWN,0.99,дорого,потолок 0.62,2026-08-28T13:40:00+00:00
2026-08-28T13:39:14.740248+00:00,ETH,5,DOWN,0.99,дорого,потолок 0.62,2026-08-28T13:40:00+00:00
2026-08-28T13:39:16.497950+00:00,SOL,5,DOWN,0.99,дорого,потолок 0.62,2026-08-28T13:40:00+00:00
2026-08-28T13:39:16.691260+00:00,BTC,5,DOWN,0.99,дорого,потолок 0.62,2026-08-28T13:40:00+00:00
2026-08-28T13:39:16.881718+00:00,ETH,5,DOWN,0.99,дорого,потолок 0.62,2026-08-28T13:40:00+00:00
2026-08-28T13:39:18.632949+00:00,SOL,5,DOWN,0.99,дорого,потолок 0.62,2026-08-28T13:40:00+00:00
2026-08-28T13:39:18.819730+00:00,BTC,5,DOWN,0.99,дорого,потолок 0.62,2026-08-28T13:40:00+00:00
2026-08-28T13:39:19.007251+00:00,ETH,5,DOWN,0.99,дорого,потолок 0.62,2026-08-28T13:40:00+00:00
2026-08-28T13:39:20.743615+00:00,SOL,5,DOWN,0.99,дорого,потолок 0.62,2026-08-28T13:40:00+00:00
2026-08-28T13:39:20.932105+00:00,BTC,5,DOWN,0.99,дорого,потолок 0.62,2026-08-28T13:40:00+00:00
2026-08-28T13:39:21.111582+00:00,ETH,5,DOWN,0.99,дорого,потолок 0.62,2026-08-28T13:40:00+00:00
2026-08-28T13:39:22.851753+00:00,SOL,5,DOWN,0.99,дорого,потолок 0.62,2026-08-28T13:40:00+00:00
2026-08-28T13:39:23.045709+00:00,BTC,5,DOWN,0.99,дорого,потолок 0.62,2026-08-28T13:40:00+00:00
2026-08-28T13:39:23.233463+00:00,ETH,5,DOWN,0.99,дорого,потолок 0.62,2026-08-28T13:40:00+00:00
2026-08-28T13:39:24.968377+00:00,SOL,5,DOWN,0.99,дорого,потолок 0.62,2026-08-28T13:40:00+00:00
2026-08-28T13:39:25.223852+00:00,BTC,5,DOWN,0.99,дорого,потолок 0.62,2026-08-28T13:40:00+00:00
2026-08-28T13:39:25.273782+00:00,SOL,5,DOWN,0.99,дорого,потолок 0.62,2026-08-28T13:40:00+00:00
2026-08-28T13:39:25.413815+00:00,ETH,5,DOWN,0.99,дорого,потолок 0.62,2026-08-28T13:40:00+00:00
2026-08-28T13:39:25.987706+00:00,ETH,5,DOWN,0.99,дорого,потолок 0.62,2026-08-28T13:40:00+00:00
2026-08-28T13:39:26.703119+00:00,BTC,5,DOWN,0.99,дорого,потолок 0.62,2026-08-28T13:40:00+00:00
2026-08-28T13:39:27.444605+00:00,SOL,5,DOWN,0.999,дорого,потолок 0.62,2026-08-28T13:40:00+00:00
2026-08-28T13:39:27.636733+00:00,ETH,5,DOWN,0.99,дорого,потолок 0.62,2026-08-28T13:40:00+00:00
2026-08-28T13:39:27.834806+00:00,BTC,5,DOWN,0.99,дорого,потолок 0.62,2026-08-28T13:40:00+00:00
2026-08-28T13:39:29.620698+00:00,SOL,5,DOWN,0.999,дорого,потолок 0.62,2026-08-28T13:40:00+00:00
2026-08-28T13:39:29.808740+00:00,ETH,5,DOWN,0.99,дорого,потолок 0.62,2026-08-28T13:40:00+00:00
2026-08-28T13:39:30.006173+00:00,BTC,5,DOWN,0.99,дорого,потолок 0.62,2026-08-28T13:40:00+00:00
2026-08-28T13:41:16.231686+00:00,SOL,15,DOWN,0.63,дорого,потолок 0.62,2026-08-28T13:45:00+00:00
2026-08-28T13:41:16.440809+00:00,XRP,15,UP,0.68,дорого,потолок 0.62,2026-08-28T13:45:00+00:00
2026-08-28T13:41:16.655920+00:00,BTC,15,DOWN,0.82,дорого,потолок 0.62,2026-08-28T13:45:00+00:00
2026-08-28T13:41:18.485164+00:00,SOL,15,DOWN,0.66,дорого,потолок 0.62,2026-08-28T13:45:00+00:00
2026-08-28T13:41:18.687955+00:00,XRP,15,UP,0.66,дорого,потолок 0.62,2026-08-28T13:45:00+00:00
2026-08-28T13:41:18.902704+00:00,BTC,15,DOWN,0.83,дорого,потолок 0.62,2026-08-28T13:45:00+00:00
2026-08-28T13:41:20.659705+00:00,SOL,15,DOWN,0.75,дорого,потолок 0.62,2026-08-28T13:45:00+00:00
2026-08-28T13:41:20.868223+00:00,XRP,15,UP,0.67,дорого,потолок 0.62,2026-08-28T13:45:00+00:00
2026-08-28T13:41:21.057073+00:00,BTC,15,DOWN,0.83,дорого,потолок 0.62,2026-08-28T13:45:00+00:00
2026-08-28T13:41:22.833702+00:00,SOL,15,DOWN,0.73,дорого,потолок 0.62,2026-08-28T13:45:00+00:00
2026-08-28T13:41:23.022533+00:00,XRP,15,UP,0.7,дорого,потолок 0.62,2026-08-28T13:45:00+00:00
2026-08-28T13:41:23.207163+00:00,BTC,15,DOWN,0.79,дорого,потолок 0.62,2026-08-28T13:45:00+00:00
2026-08-28T13:41:24.953157+00:00,SOL,15,DOWN,0.71,дорого,потолок 0.62,2026-08-28T13:45:00+00:00
2026-08-28T13:41:25.152267+00:00,XRP,15,UP,0.79,дорого,потолок 0.62,2026-08-28T13:45:00+00:00
2026-08-28T13:41:25.345468+00:00,BTC,15,DOWN,0.76,дорого,потолок 0.62,2026-08-28T13:45:00+00:00
2026-08-28T13:41:27.086260+00:00,SOL,15,DOWN,0.67,дорого,потолок 0.62,2026-08-28T13:45:00+00:00
2026-08-28T13:41:27.284007+00:00,XRP,15,UP,0.82,дорого,потолок 0.62,2026-08-28T13:45:00+00:00
2026-08-28T13:41:27.474740+00:00,BTC,15,DOWN,0.74,дорого,потолок 0.62,2026-08-28T13:45:00+00:00
2026-08-28T13:41:29.215765+00:00,SOL,15,DOWN,0.68,дорого,потолок 0.62,2026-08-28T13:45:00+00:00
2026-08-28T13:41:29.409073+00:00,XRP,15,UP,0.82,дорого,потолок 0.62,2026-08-28T13:45:00+00:00
2026-08-28T13:41:29.623390+00:00,BTC,15,DOWN,0.7,дорого,потолок 0.62,2026-08-28T13:45:00+00:00
2026-08-28T13:41:31.553360+00:00,SOL,15,DOWN,0.74,дорого,потолок 0.62,2026-08-28T13:45:00+00:00
2026-08-28T13:41:31.741196+00:00,ETH,15,UP,0.67,дорого,потолок 0.62,2026-08-28T13:45:00+00:00
2026-08-28T13:41:31.984749+00:00,XRP,15,UP,0.79,дорого,потолок 0.62,2026-08-28T13:45:00+00:00
2026-08-28T13:41:33.674507+00:00,SOL,15,DOWN,0.79,дорого,потолок 0.62,2026-08-28T13:45:00+00:00
2026-08-28T13:41:33.909758+00:00,BTC,15,DOWN,0.81,дорого,потолок 0.62,2026-08-28T13:45:00+00:00
2026-08-28T13:41:34.101404+00:00,XRP,15,UP,0.7,дорого,потолок 0.62,2026-08-28T13:45:00+00:00
2026-08-28T13:41:35.810457+00:00,SOL,15,DOWN,0.82,дорого,потолок 0.62,2026-08-28T13:45:00+00:00
2026-08-28T13:41:36.057894+00:00,BTC,15,DOWN,0.81,дорого,потолок 0.62,2026-08-28T13:45:00+00:00
2026-08-28T13:41:36.243453+00:00,XRP,15,UP,0.69,дорого,потолок 0.62,2026-08-28T13:45:00+00:00
2026-08-28T13:41:37.940798+00:00,SOL,15,DOWN,0.82,дорого,потолок 0.62,2026-08-28T13:45:00+00:00
2026-08-28T13:41:38.178385+00:00,BTC,15,DOWN,0.81,дорого,потолок 0.62,2026-08-28T13:45:00+00:00
2026-08-28T13:41:38.368521+00:00,XRP,15,UP,0.69,дорого,потолок 0.62,2026-08-28T13:45:00+00:00
2026-08-28T13:41:40.054410+00:00,SOL,15,DOWN,0.82,дорого,потолок 0.62,2026-08-28T13:45:00+00:00
2026-08-28T13:41:40.300821+00:00,BTC,15,DOWN,0.82,дорого,потолок 0.62,2026-08-28T13:45:00+00:00
2026-08-28T13:41:40.483802+00:00,XRP,15,UP,0.64,дорого,потолок 0.62,2026-08-28T13:45:00+00:00
2026-08-28T13:41:42.171805+00:00,SOL,15,DOWN,0.83,дорого,потолок 0.62,2026-08-28T13:45:00+00:00
2026-08-28T13:41:42.421095+00:00,BTC,15,DOWN,0.8,дорого,потолок 0.62,2026-08-28T13:45:00+00:00
2026-08-28T13:41:42.611942+00:00,XRP,15,UP,0.7,дорого,потолок 0.62,2026-08-28T13:45:00+00:00
2026-08-28T13:41:44.307564+00:00,SOL,15,DOWN,0.83,дорого,потолок 0.62,2026-08-28T13:45:00+00:00
2026-08-28T13:41:44.549531+00:00,BTC,15,DOWN,0.8,дорого,потолок 0.62,2026-08-28T13:45:00+00:00
2026-08-28T13:41:44.735779+00:00,XRP,15,UP,0.7,дорого,потолок 0.62,2026-08-28T13:45:00+00:00
2026-08-28T13:41:46.429406+00:00,SOL,15,DOWN,0.84,дорого,потолок 0.62,2026-08-28T13:45:00+00:00
2026-08-28T13:41:46.663288+00:00,BTC,15,DOWN,0.8,дорого,потолок 0.62,2026-08-28T13:45:00+00:00
2026-08-28T13:41:46.852345+00:00,XRP,15,UP,0.73,дорого,потолок 0.62,2026-08-28T13:45:00+00:00
2026-08-28T13:41:47.186429+00:00,SOL,15,DOWN,0.83,дорого,потолок 0.62,2026-08-28T13:45:00+00:00
2026-08-28T13:41:48.543078+00:00,SOL,15,DOWN,0.81,дорого,потолок 0.62,2026-08-28T13:45:00+00:00
2026-08-28T13:41:48.791051+00:00,BTC,15,DOWN,0.8,дорого,потолок 0.62,2026-08-28T13:45:00+00:00
2026-08-28T13:41:48.870271+00:00,BTC,15,DOWN,0.8,дорого,потолок 0.62,2026-08-28T13:45:00+00:00
2026-08-28T13:41:48.984411+00:00,XRP,15,UP,0.73,дорого,потолок 0.62,2026-08-28T13:45:00+00:00
2026-08-28T13:41:49.662436+00:00,XRP,15,UP,0.73,дорого,потолок 0.62,2026-08-28T13:45:00+00:00
2026-08-28T13:41:50.693811+00:00,SOL,15,DOWN,0.84,дорого,потолок 0.62,2026-08-28T13:45:00+00:00
2026-08-28T13:41:50.948361+00:00,BTC,15,DOWN,0.83,дорого,потолок 0.62,2026-08-28T13:45:00+00:00
2026-08-28T13:41:51.142007+00:00,XRP,15,UP,0.73,дорого,потолок 0.62,2026-08-28T13:45:00+00:00
2026-08-28T13:41:52.825989+00:00,SOL,15,DOWN,0.83,дорого,потолок 0.62,2026-08-28T13:45:00+00:00
2026-08-28T13:41:53.093644+00:00,BTC,15,DOWN,0.83,дорого,потолок 0.62,2026-08-28T13:45:00+00:00
2026-08-28T13:41:53.283643+00:00,XRP,15,UP,0.73,дорого,потолок 0.62,2026-08-28T13:45:00+00:00
2026-08-28T13:41:54.984132+00:00,SOL,15,DOWN,0.78,дорого,потолок 0.62,2026-08-28T13:45:00+00:00
2026-08-28T13:41:55.220741+00:00,BTC,15,DOWN,0.79,дорого,потолок 0.62,2026-08-28T13:45:00+00:00
2026-08-28T13:41:55.403442+00:00,XRP,15,UP,0.76,дорого,потолок 0.62,2026-08-28T13:45:00+00:00
2026-08-28T13:41:57.097259+00:00,SOL,15,DOWN,0.78,дорого,потолок 0.62,2026-08-28T13:45:00+00:00
2026-08-28T13:41:57.336723+00:00,BTC,15,DOWN,0.77,дорого,потолок 0.62,2026-08-28T13:45:00+00:00
2026-08-28T13:41:57.560126+00:00,XRP,15,UP,0.76,дорого,потолок 0.62,2026-08-28T13:45:00+00:00
2026-08-28T13:41:59.252676+00:00,SOL,15,DOWN,0.76,дорого,потолок 0.62,2026-08-28T13:45:00+00:00
2026-08-28T13:41:59.494944+00:00,BTC,15,DOWN,0.74,дорого,потолок 0.62,2026-08-28T13:45:00+00:00
2026-08-28T13:41:59.681406+00:00,XRP,15,UP,0.76,дорого,потолок 0.62,2026-08-28T13:45:00+00:00
2026-08-28T13:42:01.635977+00:00,BTC,15,DOWN,0.73,дорого,потолок 0.62,2026-08-28T13:45:00+00:00
2026-08-28T13:42:01.817805+00:00,XRP,15,UP,0.82,дорого,потолок 0.62,2026-08-28T13:45:00+00:00
2026-08-28T13:42:03.732753+00:00,SOL,15,DOWN,0.69,дорого,потолок 0.62,2026-08-28T13:45:00+00:00
2026-08-28T13:42:03.971230+00:00,BTC,15,DOWN,0.74,дорого,потолок 0.62,2026-08-28T13:45:00+00:00
2026-08-28T13:42:04.161362+00:00,XRP,15,UP,0.79,дорого,потолок 0.62,2026-08-28T13:45:00+00:00
2026-08-28T13:42:05.852993+00:00,SOL,15,DOWN,0.76,дорого,потолок 0.62,2026-08-28T13:45:00+00:00
2026-08-28T13:42:06.085135+00:00,BTC,15,DOWN,0.81,дорого,потолок 0.62,2026-08-28T13:45:00+00:00
2026-08-28T13:42:06.286988+00:00,XRP,15,UP,0.7,дорого,потолок 0.62,2026-08-28T13:45:00+00:00
2026-08-28T13:42:07.988994+00:00,SOL,15,DOWN,0.76,дорого,потолок 0.62,2026-08-28T13:45:00+00:00
2026-08-28T13:42:08.278766+00:00,BTC,15,DOWN,0.83,дорого,потолок 0.62,2026-08-28T13:45:00+00:00
2026-08-28T13:42:08.462953+00:00,XRP,15,UP,0.66,дорого,потолок 0.62,2026-08-28T13:45:00+00:00
2026-08-28T13:42:10.179390+00:00,SOL,15,DOWN,0.74,дорого,потолок 0.62,2026-08-28T13:45:00+00:00
2026-08-28T13:42:10.439539+00:00,BTC,15,DOWN,0.81,дорого,потолок 0.62,2026-08-28T13:45:00+00:00
2026-08-28T13:42:12.174565+00:00,SOL,15,DOWN,0.81,дорого,потолок 0.62,2026-08-28T13:45:00+00:00
2026-08-28T13:42:12.406562+00:00,BTC,15,DOWN,0.86,дорого,потолок 0.62,2026-08-28T13:45:00+00:00
2026-08-28T13:42:14.280558+00:00,SOL,15,DOWN,0.78,дорого,потолок 0.62,2026-08-28T13:45:00+00:00
2026-08-28T13:42:14.510496+00:00,BTC,15,DOWN,0.86,дорого,потолок 0.62,2026-08-28T13:45:00+00:00
2026-08-28T13:42:16.253338+00:00,SOL,15,DOWN,0.79,дорого,потолок 0.62,2026-08-28T13:45:00+00:00
2026-08-28T13:42:16.529206+00:00,BTC,15,DOWN,0.86,дорого,потолок 0.62,2026-08-28T13:45:00+00:00
2026-08-28T13:42:18.281572+00:00,SOL,15,DOWN,0.84,дорого,потолок 0.62,2026-08-28T13:45:00+00:00
2026-08-28T13:42:18.521678+00:00,BTC,15,DOWN,0.87,дорого,потолок 0.62,2026-08-28T13:45:00+00:00
2026-08-28T13:42:20.265202+00:00,SOL,15,DOWN,0.74,дорого,потолок 0.62,2026-08-28T13:45:00+00:00
2026-08-28T13:42:20.508130+00:00,BTC,15,DOWN,0.85,дорого,потолок 0.62,2026-08-28T13:45:00+00:00
2026-08-28T13:42:22.246823+00:00,SOL,15,DOWN,0.72,дорого,потолок 0.62,2026-08-28T13:45:00+00:00
2026-08-28T13:42:22.490142+00:00,BTC,15,DOWN,0.84,дорого,потолок 0.62,2026-08-28T13:45:00+00:00
2026-08-28T13:42:22.567241+00:00,BTC,15,DOWN,0.84,дорого,потолок 0.62,2026-08-28T13:45:00+00:00
2026-08-28T13:42:23.851656+00:00,SOL,15,DOWN,0.72,дорого,потолок 0.62,2026-08-28T13:45:00+00:00
2026-08-28T13:42:24.235447+00:00,SOL,15,DOWN,0.72,дорого,потолок 0.62,2026-08-28T13:45:00+00:00
2026-08-28T13:42:24.476214+00:00,BTC,15,DOWN,0.84,дорого,потолок 0.62,2026-08-28T13:45:00+00:00
2026-08-28T13:42:24.676418+00:00,XRP,15,UP,0.65,дорого,потолок 0.62,2026-08-28T13:45:00+00:00
2026-08-28T13:42:26.364094+00:00,SOL,15,DOWN,0.73,дорого,потолок 0.62,2026-08-28T13:45:00+00:00
2026-08-28T13:42:26.610105+00:00,BTC,15,DOWN,0.87,дорого,потолок 0.62,2026-08-28T13:45:00+00:00
2026-08-28T13:42:28.492084+00:00,SOL,15,DOWN,0.74,дорого,потолок 0.62,2026-08-28T13:45:00+00:00
2026-08-28T13:42:28.733857+00:00,BTC,15,DOWN,0.86,дорого,потолок 0.62,2026-08-28T13:45:00+00:00
2026-08-28T13:42:30.484827+00:00,SOL,15,DOWN,0.76,дорого,потолок 0.62,2026-08-28T13:45:00+00:00
2026-08-28T13:42:30.720794+00:00,BTC,15,DOWN,0.88,дорого,потолок 0.62,2026-08-28T13:45:00+00:00
2026-08-28T13:42:32.454760+00:00,SOL,15,DOWN,0.85,дорого,потолок 0.62,2026-08-28T13:45:00+00:00
2026-08-28T13:42:32.685582+00:00,BTC,15,DOWN,0.89,дорого,потолок 0.62,2026-08-28T13:45:00+00:00
2026-08-28T13:42:34.806135+00:00,SOL,15,DOWN,0.81,дорого,потолок 0.62,2026-08-28T13:45:00+00:00
2026-08-28T13:42:35.032438+00:00,BTC,15,DOWN,0.89,дорого,потолок 0.62,2026-08-28T13:45:00+00:00
2026-08-28T13:42:36.775704+00:00,SOL,15,DOWN,0.81,дорого,потолок 0.62,2026-08-28T13:45:00+00:00
2026-08-28T13:42:36.998631+00:00,BTC,15,DOWN,0.9,дорого,потолок 0.62,2026-08-28T13:45:00+00:00
2026-08-28T13:42:38.738836+00:00,SOL,15,DOWN,0.83,дорого,потолок 0.62,2026-08-28T13:45:00+00:00
2026-08-28T13:42:38.979555+00:00,BTC,15,DOWN,0.9,дорого,потолок 0.62,2026-08-28T13:45:00+00:00
2026-08-28T13:42:40.724133+00:00,SOL,15,DOWN,0.86,дорого,потолок 0.62,2026-08-28T13:45:00+00:00
2026-08-28T13:42:40.919159+00:00,ETH,15,DOWN,0.76,дорого,потолок 0.62,2026-08-28T13:45:00+00:00
2026-08-28T13:42:41.108343+00:00,BTC,15,DOWN,0.95,дорого,потолок 0.62,2026-08-28T13:45:00+00:00
2026-08-28T13:42:42.842204+00:00,SOL,15,DOWN,0.9,дорого,потолок 0.62,2026-08-28T13:45:00+00:00
2026-08-28T13:42:43.028207+00:00,ETH,15,DOWN,0.83,дорого,потолок 0.62,2026-08-28T13:45:00+00:00
2026-08-28T13:42:43.221952+00:00,BTC,15,DOWN,0.96,дорого,потолок 0.62,2026-08-28T13:45:00+00:00
2026-08-28T13:42:44.963822+00:00,SOL,15,DOWN,0.92,дорого,потолок 0.62,2026-08-28T13:45:00+00:00
2026-08-28T13:42:45.154602+00:00,ETH,15,DOWN,0.86,дорого,потолок 0.62,2026-08-28T13:45:00+00:00
2026-08-28T13:42:45.339499+00:00,BTC,15,DOWN,0.95,дорого,потолок 0.62,2026-08-28T13:45:00+00:00
2026-08-28T13:42:47.319771+00:00,SOL,15,DOWN,0.92,дорого,потолок 0.62,2026-08-28T13:45:00+00:00
2026-08-28T13:42:47.523439+00:00,ETH,15,DOWN,0.84,дорого,потолок 0.62,2026-08-28T13:45:00+00:00
2026-08-28T13:42:47.732407+00:00,BTC,15,DOWN,0.95,дорого,потолок 0.62,2026-08-28T13:45:00+00:00
2026-08-28T13:42:47.918664+00:00,XRP,15,DOWN,0.63,дорого,потолок 0.62,2026-08-28T13:45:00+00:00
2026-08-28T13:42:49.818533+00:00,SOL,15,DOWN,0.86,дорого,потолок 0.62,2026-08-28T13:45:00+00:00
2026-08-28T13:42:50.006190+00:00,ETH,15,DOWN,0.82,дорого,потолок 0.62,2026-08-28T13:45:00+00:00
2026-08-28T13:42:50.211688+00:00,BTC,15,DOWN,0.95,дорого,потолок 0.62,2026-08-28T13:45:00+00:00
2026-08-28T13:42:52.359290+00:00,SOL,15,DOWN,0.87,дорого,потолок 0.62,2026-08-28T13:45:00+00:00
2026-08-28T13:42:52.545832+00:00,ETH,15,DOWN,0.79,дорого,потолок 0.62,2026-08-28T13:45:00+00:00
2026-08-28T13:42:52.726195+00:00,BTC,15,DOWN,0.95,дорого,потолок 0.62,2026-08-28T13:45:00+00:00
2026-08-28T13:42:54.661396+00:00,SOL,15,DOWN,0.89,дорого,потолок 0.62,2026-08-28T13:45:00+00:00
2026-08-28T13:42:54.865984+00:00,ETH,15,DOWN,0.79,дорого,потолок 0.62,2026-08-28T13:45:00+00:00
2026-08-28T13:42:55.052778+00:00,BTC,15,DOWN,0.95,дорого,потолок 0.62,2026-08-28T13:45:00+00:00
2026-08-28T13:42:55.237451+00:00,XRP,15,DOWN,0.66,дорого,потолок 0.62,2026-08-28T13:45:00+00:00
2026-08-28T13:42:57.140179+00:00,SOL,15,DOWN,0.88,дорого,потолок 0.62,2026-08-28T13:45:00+00:00
2026-08-28T13:42:57.337211+00:00,ETH,15,DOWN,0.76,дорого,потолок 0.62,2026-08-28T13:45:00+00:00
2026-08-28T13:42:57.540418+00:00,BTC,15,DOWN,0.95,дорого,потолок 0.62,2026-08-28T13:45:00+00:00
2026-08-28T13:42:57.633796+00:00,BTC,15,DOWN,0.95,дорого,потолок 0.62,2026-08-28T13:45:00+00:00
2026-08-28T13:42:57.757081+00:00,XRP,15,DOWN,0.75,дорого,потолок 0.62,2026-08-28T13:45:00+00:00
2026-08-28T13:42:58.416729+00:00,SOL,15,DOWN,0.89,дорого,потолок 0.62,2026-08-28T13:45:00+00:00
2026-08-28T13:42:59.652063+00:00,SOL,15,DOWN,0.88,дорого,потолок 0.62,2026-08-28T13:45:00+00:00
2026-08-28T13:42:59.919018+00:00,BTC,15,DOWN,0.96,дорого,потолок 0.62,2026-08-28T13:45:00+00:00
2026-08-28T13:43:00.127676+00:00,XRP,15,DOWN,0.69,дорого,потолок 0.62,2026-08-28T13:45:00+00:00
2026-08-28T13:43:01.343044+00:00,XRP,15,DOWN,0.66,дорого,потолок 0.62,2026-08-28T13:45:00+00:00
2026-08-28T13:43:02.054763+00:00,SOL,15,DOWN,0.9,дорого,потолок 0.62,2026-08-28T13:45:00+00:00
2026-08-28T13:43:02.294617+00:00,BTC,15,DOWN,0.96,дорого,потолок 0.62,2026-08-28T13:45:00+00:00
2026-08-28T13:43:02.489449+00:00,XRP,15,DOWN,0.72,дорого,потолок 0.62,2026-08-28T13:45:00+00:00
2026-08-28T13:43:04.411691+00:00,SOL,15,DOWN,0.88,дорого,потолок 0.62,2026-08-28T13:45:00+00:00
2026-08-28T13:43:04.640640+00:00,BTC,15,DOWN,0.97,дорого,потолок 0.62,2026-08-28T13:45:00+00:00
2026-08-28T13:43:04.825970+00:00,XRP,15,DOWN,0.68,дорого,потолок 0.62,2026-08-28T13:45:00+00:00
2026-08-28T13:43:06.879471+00:00,XRP,15,DOWN,0.85,дорого,потолок 0.62,2026-08-28T13:45:00+00:00
2026-08-28T13:43:07.075004+00:00,SOL,15,DOWN,0.93,дорого,потолок 0.62,2026-08-28T13:45:00+00:00
2026-08-28T13:43:07.260025+00:00,ETH,15,DOWN,0.88,дорого,потолок 0.62,2026-08-28T13:45:00+00:00
2026-08-28T13:43:07.599551+00:00,BTC,15,DOWN,0.98,дорого,потолок 0.62,2026-08-28T13:45:00+00:00
2026-08-28T13:43:09.338419+00:00,XRP,15,DOWN,0.87,дорого,потолок 0.62,2026-08-28T13:45:00+00:00
2026-08-28T13:43:09.523194+00:00,SOL,15,DOWN,0.95,дорого,потолок 0.62,2026-08-28T13:45:00+00:00
2026-08-28T13:43:09.721858+00:00,ETH,15,DOWN,0.89,дорого,потолок 0.62,2026-08-28T13:45:00+00:00
2026-08-28T13:43:10.060630+00:00,BTC,15,DOWN,0.99,дорого,потолок 0.62,2026-08-28T13:45:00+00:00
2026-08-28T13:43:11.892356+00:00,XRP,15,DOWN,0.78,дорого,потолок 0.62,2026-08-28T13:45:00+00:00
2026-08-28T13:43:12.081472+00:00,SOL,15,DOWN,0.95,дорого,потолок 0.62,2026-08-28T13:45:00+00:00
2026-08-28T13:43:12.264319+00:00,ETH,15,DOWN,0.82,дорого,потолок 0.62,2026-08-28T13:45:00+00:00
2026-08-28T13:43:12.601467+00:00,BTC,15,DOWN,0.98,дорого,потолок 0.62,2026-08-28T13:45:00+00:00
2026-08-28T13:43:14.358843+00:00,XRP,15,DOWN,0.79,дорого,потолок 0.62,2026-08-28T13:45:00+00:00
2026-08-28T13:43:14.540705+00:00,SOL,15,DOWN,0.97,дорого,потолок 0.62,2026-08-28T13:45:00+00:00
2026-08-28T13:43:14.730909+00:00,ETH,15,DOWN,0.81,дорого,потолок 0.62,2026-08-28T13:45:00+00:00
2026-08-28T13:43:15.055718+00:00,BTC,15,DOWN,0.98,дорого,потолок 0.62,2026-08-28T13:45:00+00:00
2026-08-28T13:43:16.797868+00:00,XRP,15,DOWN,0.82,дорого,потолок 0.62,2026-08-28T13:45:00+00:00
2026-08-28T13:43:16.976706+00:00,SOL,15,DOWN,0.97,дорого,потолок 0.62,2026-08-28T13:45:00+00:00
2026-08-28T13:43:17.356808+00:00,BTC,15,DOWN,0.98,дорого,потолок 0.62,2026-08-28T13:45:00+00:00
2026-08-28T13:43:19.088840+00:00,XRP,15,DOWN,0.82,дорого,потолок 0.62,2026-08-28T13:45:00+00:00
2026-08-28T13:43:19.278344+00:00,SOL,15,DOWN,0.97,дорого,потолок 0.62,2026-08-28T13:45:00+00:00
2026-08-28T13:43:19.666110+00:00,BTC,15,DOWN,0.98,дорого,потолок 0.62,2026-08-28T13:45:00+00:00
2026-08-28T13:43:21.404851+00:00,XRP,15,DOWN,0.83,дорого,потолок 0.62,2026-08-28T13:45:00+00:00
2026-08-28T13:43:21.597825+00:00,SOL,15,DOWN,0.97,дорого,потолок 0.62,2026-08-28T13:45:00+00:00
2026-08-28T13:43:21.778602+00:00,ETH,15,DOWN,0.85,дорого,потолок 0.62,2026-08-28T13:45:00+00:00
2026-08-28T13:43:22.130212+00:00,BTC,15,DOWN,0.98,дорого,потолок 0.62,2026-08-28T13:45:00+00:00
2026-08-28T13:43:23.874434+00:00,XRP,15,DOWN,0.81,дорого,потолок 0.62,2026-08-28T13:45:00+00:00
2026-08-28T13:43:24.066171+00:00,SOL,15,DOWN,0.97,дорого,потолок 0.62,2026-08-28T13:45:00+00:00
2026-08-28T13:43:24.497549+00:00,BTC,15,DOWN,0.98,дорого,потолок 0.62,2026-08-28T13:45:00+00:00
2026-08-28T13:43:26.244789+00:00,XRP,15,DOWN,0.84,дорого,потолок 0.62,2026-08-28T13:45:00+00:00
2026-08-28T13:43:26.440618+00:00,SOL,15,DOWN,0.97,дорого,потолок 0.62,2026-08-28T13:45:00+00:00
2026-08-28T13:43:26.859416+00:00,BTC,15,DOWN,0.98,дорого,потолок 0.62,2026-08-28T13:45:00+00:00
2026-08-28T13:43:28.591584+00:00,XRP,15,DOWN,0.85,дорого,потолок 0.62,2026-08-28T13:45:00+00:00
2026-08-28T13:43:28.782417+00:00,SOL,15,DOWN,0.97,дорого,потолок 0.62,2026-08-28T13:45:00+00:00
2026-08-28T13:43:28.973837+00:00,ETH,15,DOWN,0.82,дорого,потолок 0.62,2026-08-28T13:45:00+00:00
2026-08-28T13:43:29.324992+00:00,BTC,15,DOWN,0.98,дорого,потолок 0.62,2026-08-28T13:45:00+00:00
2026-08-28T13:43:31.062794+00:00,XRP,15,DOWN,0.87,дорого,потолок 0.62,2026-08-28T13:45:00+00:00
2026-08-28T13:43:31.251220+00:00,SOL,15,DOWN,0.97,дорого,потолок 0.62,2026-08-28T13:45:00+00:00
2026-08-28T13:43:31.451298+00:00,ETH,15,DOWN,0.87,дорого,потолок 0.62,2026-08-28T13:45:00+00:00
2026-08-28T13:43:31.793615+00:00,BTC,15,DOWN,0.99,дорого,потолок 0.62,2026-08-28T13:45:00+00:00
2026-08-28T13:43:33.528519+00:00,XRP,15,DOWN,0.88,дорого,потолок 0.62,2026-08-28T13:45:00+00:00
2026-08-28T13:43:33.647762+00:00,SOL,15,DOWN,0.97,дорого,потолок 0.62,2026-08-28T13:45:00+00:00
2026-08-28T13:43:33.734596+00:00,SOL,15,DOWN,0.97,дорого,потолок 0.62,2026-08-28T13:45:00+00:00
2026-08-28T13:43:34.132864+00:00,BTC,15,DOWN,0.99,дорого,потолок 0.62,2026-08-28T13:45:00+00:00
2026-08-28T13:43:34.957201+00:00,BTC,15,DOWN,0.99,дорого,потолок 0.62,2026-08-28T13:45:00+00:00
2026-08-28T13:43:35.681022+00:00,XRP,15,DOWN,0.92,дорого,потолок 0.62,2026-08-28T13:45:00+00:00
2026-08-28T13:43:35.873733+00:00,XRP,15,DOWN,0.9,дорого,потолок 0.62,2026-08-28T13:45:00+00:00
2026-08-28T13:43:36.060134+00:00,SOL,15,DOWN,0.97,дорого,потолок 0.62,2026-08-28T13:45:00+00:00
2026-08-28T13:43:36.263966+00:00,ETH,15,DOWN,0.89,дорого,потолок 0.62,2026-08-28T13:45:00+00:00
2026-08-28T13:43:36.603804+00:00,BTC,15,DOWN,0.99,дорого,потолок 0.62,2026-08-28T13:45:00+00:00
2026-08-28T13:43:38.549818+00:00,SOL,15,DOWN,0.97,дорого,потолок 0.62,2026-08-28T13:45:00+00:00
2026-08-28T13:43:38.740521+00:00,ETH,15,DOWN,0.84,дорого,потолок 0.62,2026-08-28T13:45:00+00:00
2026-08-28T13:43:38.925516+00:00,BTC,15,DOWN,0.99,дорого,потолок 0.62,2026-08-28T13:45:00+00:00
2026-08-28T13:43:39.158350+00:00,XRP,15,DOWN,0.84,дорого,потолок 0.62,2026-08-28T13:45:00+00:00
2026-08-28T13:43:41.001382+00:00,SOL,15,DOWN,0.98,дорого,потолок 0.62,2026-08-28T13:45:00+00:00
2026-08-28T13:43:41.252556+00:00,BTC,15,DOWN,0.99,дорого,потолок 0.62,2026-08-28T13:45:00+00:00
2026-08-28T13:43:41.488755+00:00,XRP,15,DOWN,0.88,дорого,потолок 0.62,2026-08-28T13:45:00+00:00
2026-08-28T13:43:43.356923+00:00,SOL,15,DOWN,0.99,дорого,потолок 0.62,2026-08-28T13:45:00+00:00
2026-08-28T13:43:43.588072+00:00,BTC,15,DOWN,0.99,дорого,потолок 0.62,2026-08-28T13:45:00+00:00
2026-08-28T13:43:43.824801+00:00,XRP,15,DOWN,0.89,дорого,потолок 0.62,2026-08-28T13:45:00+00:00
2026-08-28T13:43:45.673074+00:00,SOL,15,DOWN,0.99,дорого,потолок 0.62,2026-08-28T13:45:00+00:00
2026-08-28T13:43:45.876188+00:00,ETH,15,DOWN,0.77,дорого,потолок 0.62,2026-08-28T13:45:00+00:00
2026-08-28T13:43:46.061932+00:00,BTC,15,DOWN,0.99,дорого,потолок 0.62,2026-08-28T13:45:00+00:00
2026-08-28T13:43:46.295645+00:00,XRP,15,DOWN,0.85,дорого,потолок 0.62,2026-08-28T13:45:00+00:00
2026-08-28T13:43:48.141725+00:00,SOL,15,DOWN,0.99,дорого,потолок 0.62,2026-08-28T13:45:00+00:00
2026-08-28T13:43:48.371578+00:00,BTC,15,DOWN,0.99,дорого,потолок 0.62,2026-08-28T13:45:00+00:00
2026-08-28T13:43:48.612143+00:00,XRP,15,DOWN,0.72,дорого,потолок 0.62,2026-08-28T13:45:00+00:00
2026-08-28T13:43:50.459491+00:00,SOL,15,DOWN,0.99,дорого,потолок 0.62,2026-08-28T13:45:00+00:00
2026-08-28T13:43:50.701560+00:00,BTC,15,DOWN,0.99,дорого,потолок 0.62,2026-08-28T13:45:00+00:00
2026-08-28T13:43:50.950669+00:00,XRP,15,DOWN,0.79,дорого,потолок 0.62,2026-08-28T13:45:00+00:00
2026-08-28T13:43:52.809082+00:00,SOL,15,DOWN,0.99,дорого,потолок 0.62,2026-08-28T13:45:00+00:00
2026-08-28T13:43:53.046013+00:00,BTC,15,DOWN,0.99,дорого,потолок 0.62,2026-08-28T13:45:00+00:00
2026-08-28T13:43:53.305205+00:00,XRP,15,DOWN,0.74,дорого,потолок 0.62,2026-08-28T13:45:00+00:00
2026-08-28T13:43:55.151696+00:00,SOL,15,DOWN,0.99,дорого,потолок 0.62,2026-08-28T13:45:00+00:00
2026-08-28T13:43:55.393548+00:00,BTC,15,DOWN,0.99,дорого,потолок 0.62,2026-08-28T13:45:00+00:00
2026-08-28T13:43:57.329930+00:00,SOL,15,DOWN,0.99,дорого,потолок 0.62,2026-08-28T13:45:00+00:00
2026-08-28T13:43:57.572314+00:00,BTC,15,DOWN,0.99,дорого,потолок 0.62,2026-08-28T13:45:00+00:00
2026-08-28T13:43:57.799066+00:00,XRP,15,DOWN,0.68,дорого,потолок 0.62,2026-08-28T13:45:00+00:00
2026-08-28T13:43:59.618714+00:00,SOL,15,DOWN,0.99,дорого,потолок 0.62,2026-08-28T13:45:00+00:00
2026-08-28T13:43:59.874895+00:00,BTC,15,DOWN,0.99,дорого,потолок 0.62,2026-08-28T13:45:00+00:00
2026-08-28T13:44:01.826373+00:00,SOL,15,DOWN,0.99,дорого,потолок 0.62,2026-08-28T13:45:00+00:00
2026-08-28T13:44:02.065400+00:00,BTC,15,DOWN,0.99,дорого,потолок 0.62,2026-08-28T13:45:00+00:00
2026-08-28T13:44:02.334061+00:00,XRP,15,DOWN,0.9,дорого,потолок 0.62,2026-08-28T13:45:00+00:00
2026-08-28T13:44:04.169504+00:00,SOL,15,DOWN,0.99,дорого,потолок 0.62,2026-08-28T13:45:00+00:00
2026-08-28T13:44:04.399672+00:00,BTC,15,DOWN,0.99,дорого,потолок 0.62,2026-08-28T13:45:00+00:00
2026-08-28T13:44:04.652517+00:00,XRP,15,DOWN,0.92,дорого,потолок 0.62,2026-08-28T13:45:00+00:00
2026-08-28T13:44:06.486840+00:00,SOL,15,DOWN,0.99,дорого,потолок 0.62,2026-08-28T13:45:00+00:00
2026-08-28T13:44:06.752541+00:00,BTC,15,DOWN,0.99,дорого,потолок 0.62,2026-08-28T13:45:00+00:00
2026-08-28T13:44:06.985727+00:00,XRP,15,DOWN,0.92,дорого,потолок 0.62,2026-08-28T13:45:00+00:00
2026-08-28T13:44:09.082963+00:00,XRP,15,DOWN,0.92,дорого,потолок 0.62,2026-08-28T13:45:00+00:00
2026-08-28T13:44:09.386994+00:00,SOL,15,DOWN,0.99,дорого,потолок 0.62,2026-08-28T13:45:00+00:00
2026-08-28T13:44:09.416536+00:00,XRP,15,DOWN,0.92,дорого,потолок 0.62,2026-08-28T13:45:00+00:00
2026-08-28T13:44:09.575852+00:00,BTC,15,DOWN,0.99,дорого,потолок 0.62,2026-08-28T13:45:00+00:00
2026-08-28T13:44:10.976585+00:00,SOL,15,DOWN,0.99,дорого,потолок 0.62,2026-08-28T13:45:00+00:00
2026-08-28T13:44:11.418932+00:00,XRP,15,DOWN,0.91,дорого,потолок 0.62,2026-08-28T13:45:00+00:00
2026-08-28T13:44:11.676716+00:00,BTC,15,DOWN,0.99,дорого,потолок 0.62,2026-08-28T13:45:00+00:00
2026-08-28T13:44:11.715729+00:00,SOL,15,DOWN,0.99,дорого,потолок 0.62,2026-08-28T13:45:00+00:00
2026-08-28T13:44:11.907298+00:00,BTC,15,DOWN,0.99,дорого,потолок 0.62,2026-08-28T13:45:00+00:00
2026-08-28T13:44:13.757802+00:00,XRP,15,DOWN,0.93,дорого,потолок 0.62,2026-08-28T13:45:00+00:00
2026-08-28T13:44:14.066712+00:00,SOL,15,DOWN,0.99,дорого,потолок 0.62,2026-08-28T13:45:00+00:00
2026-08-28T13:44:14.249852+00:00,BTC,15,DOWN,0.99,дорого,потолок 0.62,2026-08-28T13:45:00+00:00
2026-08-28T13:44:16.091599+00:00,XRP,15,DOWN,0.99,дорого,потолок 0.62,2026-08-28T13:45:00+00:00
2026-08-28T13:44:16.420995+00:00,SOL,15,DOWN,0.99,дорого,потолок 0.62,2026-08-28T13:45:00+00:00
2026-08-28T13:44:16.608113+00:00,BTC,15,DOWN,0.99,дорого,потолок 0.62,2026-08-28T13:45:00+00:00
2026-08-28T13:44:18.447571+00:00,XRP,15,DOWN,0.99,дорого,потолок 0.62,2026-08-28T13:45:00+00:00
2026-08-28T13:44:18.732850+00:00,SOL,15,DOWN,0.99,дорого,потолок 0.62,2026-08-28T13:45:00+00:00
2026-08-28T13:44:18.925988+00:00,BTC,15,DOWN,0.99,дорого,потолок 0.62,2026-08-28T13:45:00+00:00
2026-08-28T13:44:20.771524+00:00,XRP,15,DOWN,0.99,дорого,потолок 0.62,2026-08-28T13:45:00+00:00
2026-08-28T13:44:21.078170+00:00,SOL,15,DOWN,0.99,дорого,потолок 0.62,2026-08-28T13:45:00+00:00
2026-08-28T13:44:21.268980+00:00,BTC,15,DOWN,0.99,дорого,потолок 0.62,2026-08-28T13:45:00+00:00
2026-08-28T13:44:23.094408+00:00,XRP,15,DOWN,0.99,дорого,потолок 0.62,2026-08-28T13:45:00+00:00
2026-08-28T13:44:23.389058+00:00,SOL,15,DOWN,0.99,дорого,потолок 0.62,2026-08-28T13:45:00+00:00
2026-08-28T13:44:23.570388+00:00,BTC,15,DOWN,0.99,дорого,потолок 0.62,2026-08-28T13:45:00+00:00
2026-08-28T13:44:25.416045+00:00,XRP,15,DOWN,0.99,дорого,потолок 0.62,2026-08-28T13:45:00+00:00
2026-08-28T13:44:25.714570+00:00,SOL,15,DOWN,0.99,дорого,потолок 0.62,2026-08-28T13:45:00+00:00
2026-08-28T13:44:25.909260+00:00,BTC,15,DOWN,0.99,дорого,потолок 0.62,2026-08-28T13:45:00+00:00
2026-08-28T13:44:27.761613+00:00,XRP,15,DOWN,0.99,дорого,потолок 0.62,2026-08-28T13:45:00+00:00
2026-08-28T13:44:28.064946+00:00,SOL,15,DOWN,0.99,дорого,потолок 0.62,2026-08-28T13:45:00+00:00
2026-08-28T13:44:28.245789+00:00,BTC,15,DOWN,0.99,дорого,потолок 0.62,2026-08-28T13:45:00+00:00
2026-08-28T13:44:30.111009+00:00,XRP,15,DOWN,0.99,дорого,потолок 0.62,2026-08-28T13:45:00+00:00
