2026-08-28T00:23:46.645958+00:00,SOL,UP,0.6,6.07,False,-6.07
2026-08-28T00:41:28.543894+00:00,SOL,DOWN,0.54,6.81,True,5.79
2026-08-28T01:12:33.448531+00:00,SOL,UP,0.52,7.97,False,-7.97
2026-08-28T01:33:46.431012+00:00,SOL,UP,0.5,6.9,False,-6.90
2026-08-28T02:27:09.823377+00:00,SOL,UP,0.528,6.63,False,-6.63
2026-08-28T09:28:51.659916+00:00,XRP,DOWN,0.61,4.68,True,2.98
2026-08-28T09:57:32.396847+00:00,XRP,UP,0.61,5.26,True,3.36
2026-08-28T12:49:03.040311+00:00,SOL,DOWN,0.59,6.14,True,4.27
2026-08-28T12:57:39.995903+00:00,SOL,DOWN,0.61,6.36,True,4.06
2026-08-28T13:58:48.997714+00:00,XRP,DOWN,0.53,6.48,True,5.75
2026-08-28T14:28:46.183771+00:00,ETH,DOWN,0.55,7.52,False,-7.52
2026-08-28T14:28:46.646557+00:00,BTC,DOWN,0.54,7.33,False,-7.33
2026-08-28T16:11:20.120355+00:00,XRP,UP,0.59,5.45,False,-5.45
2026-08-28T16:56:29.547414+00:00,SOL,UP,0.61,3.35,True,2.15
2026-08-28T17:08:54.324475+00:00,SOL,UP,0.51,6.27,True,6.02
2026-08-28T17:43:58.102127+00:00,XRP,UP,0.52,3.12,True,2.88
2026-08-28T21:41:16.633819+00:00,SOL,DOWN,0.6,4.05,True,2.71
2026-08-30T18:08:45.633477+00:00,BTC,DOWN,0.51,4.61,True,4.42
2026-08-30T23:33:45.814440+00:00,XRP,UP,0.54,1.06,True,0.90
2026-08-31T00:58:39.971517+00:00,BTC,DOWN,0.52,4.87,True,4.50
2026-08-31T01:56:55.855504+00:00,XRP,DOWN,0.51,5.1,True,4.89
2026-08-31T07:09:28.393980+00:00,SOL,UP,0.51,5.34,True,5.13
2026-08-31T07:11:17.134358+00:00,XRP,UP,0.51,5.34,True,5.13
2026-08-31T07:24:26.004067+00:00,XRP,UP,0.51,5.85,True,5.63
2026-08-31T07:26:15.932760+00:00,XRP,UP,0.51,5.85,True,5.63
2026-08-31T07:28:48.848286+00:00,ETH,DOWN,0.51,6.14,True,5.89
2026-08-31T07:44:11.026886+00:00,BTC,UP,0.51,6.71,True,6.45
2026-08-31T07:44:28.732028+00:00,SOL,UP,0.51,6.71,True,6.45
2026-08-31T07:57:22.703590+00:00,XRP,UP,0.51,7.36,True,7.06
2026-08-31T07:59:25.325721+00:00,XRP,UP,0.51,7.36,True,7.06
2026-08-31T08:09:26.602960+00:00,XRP,UP,0.51,8.06,True,7.75
2026-08-31T08:11:45.190244+00:00,BTC,UP,0.51,8.06,False,-8.06
2026-08-31T08:26:16.951944+00:00,BTC,DOWN,0.51,8.05,True,7.73
2026-08-31T08:28:46.769176+00:00,SOL,UP,0.51,8.05,True,7.73
2026-08-31T08:33:54.986242+00:00,SOL,UP,0.51,8.82,True,8.47
2026-08-31T08:41:15.541297+00:00,ETH,UP,0.51,9.24,True,8.88
2026-08-31T08:43:46.644119+00:00,ETH,UP,0.51,9.24,True,8.88
2026-08-31T08:49:11.093610+00:00,BTC,UP,0.51,10.13,True,9.73
2026-08-31T08:53:45.966392+00:00,ETH,UP,0.51,10.62,True,10.20
2026-08-31T08:56:15.946032+00:00,BTC,UP,0.51,10.62,True,10.20
2026-08-31T08:58:45.610222+00:00,BTC,UP,0.51,11.13,True,10.69
2026-08-31T09:08:46.185349+00:00,SOL,UP,0.51,12.17,True,11.70
2026-08-31T09:11:16.183342+00:00,BTC,UP,0.51,12.17,True,11.70
2026-08-31T09:18:45.660473+00:00,ETH,UP,0.51,13.34,True,12.82
2026-08-31T09:23:46.935745+00:00,ETH,UP,0.51,13.98,True,13.44
2026-08-31T09:26:17.157252+00:00,XRP,UP,0.51,13.98,True,13.44
2026-08-31T10:13:45.906309+00:00,BTC,UP,0.51,15.33,True,14.72
2026-08-31T10:13:47.506005+00:00,XRP,UP,0.51,15.33,True,14.72
2026-08-31T10:28:45.511115+00:00,SOL,UP,0.51,16.8,True,16.14
2026-08-31T13:43:31.728934+00:00,ETH,DOWN,0.56,12.87,True,10.12
2026-08-31T14:48:52.954816+00:00,SOL,UP,0.52,18.11,False,-18.11
2026-08-31T14:56:54.532380+00:00,ETH,UP,0.55,17.21,True,14.07
2026-08-31T23:26:16.269564+00:00,BTC,UP,0.52,9.4,True,8.68
2026-09-01T01:13:24.447952+00:00,BTC,DOWN,0.56,11.37,True,8.93
2026-09-01T13:43:17.572290+00:00,BTC,DOWN,0.52,18.79,True,17.35
2026-09-01T18:33:46.993907+00:00,XRP,DOWN,0.54,19.66,True,16.74
2026-09-01T22:48:46.947297+00:00,BTC,UP,0.51,20.5,True,19.69
2026-09-01T22:56:16.697070+00:00,BTC,UP,0.51,21.48,True,20.64
2026-09-01T23:03:47.286597+00:00,XRP,UP,0.51,22.51,True,21.63
2026-09-01T23:11:42.368618+00:00,SOL,UP,0.51,10.2,True,9.80
2026-09-02T01:41:16.659727+00:00,BTC,DOWN,0.52,5.83,True,5.38
2026-09-02T01:58:46.727809+00:00,SOL,UP,0.51,2.55,True,2.45
2026-09-02T01:59:17.441928+00:00,BTC,UP,0.51,24.35,True,23.40
2026-09-02T02:08:45.649555+00:00,BTC,UP,0.51,25.64,True,24.64
2026-09-02T02:12:04.005187+00:00,BTC,UP,0.51,26.88,True,25.82
2026-09-02T02:13:47.431785+00:00,BTC,UP,0.51,26.88,True,25.82
2026-09-02T02:24:25.065400+00:00,BTC,UP,0.51,29.46,True,28.30
2026-09-02T02:26:16.960769+00:00,BTC,UP,0.51,29.46,True,28.30
2026-09-02T03:28:47.414416+00:00,BTC,UP,0.51,32.29,True,31.02
2026-09-03T14:11:35.194269+00:00,SOL,UP,0.5,10.0,True,10.00
2026-09-03T14:42:03.384540+00:00,SOL,DOWN,0.62,31.0,False,-31.00
2026-09-03T15:11:59.419834+00:00,BTC,DOWN,0.53,32.79,True,29.08
2026-09-03T16:41:19.326369+00:00,XRP,DOWN,0.51,5.1,True,4.90
